question,ideal_answer
Tell me about yourself.,I am a passionate and motivated individual who enjoys learning and growing in my career.
What are your strengths?,"My strengths include strong teamwork skills, adaptability, and effective communication."
What is your greatest weakness?,"I sometimes take on too much responsibility, but I'm working on delegating tasks better."
Describe a challenging situation you faced and how you handled it.,"During a group project, I managed conflicts by facilitating open discussions and setting clear goals."
Why do you want to work at our company?,Your company's innovation and values align perfectly with my career aspirations.
Where do you see yourself in five years?,"I see myself taking on leadership roles, making meaningful contributions to projects, and continuing to grow professionally."
How do you handle criticism?,"I accept criticism positively, using it as an opportunity to improve my skills and performance."
What motivates you to do your best work?,The opportunity to learn new things and contribute to a meaningful goal keeps me motivated.
Tell me about a time you showed leadership skills.,I led a college project where I coordinated team tasks and ensured we met tight deadlines.
Why should we hire you?,"My skills, passion, and dedication make me a strong fit for this role, and I am eager to contribute."
